symbol,tier,signal_date,entry_date,entry,outcome,exit_date,exit,ret,days,mfe,mae,target_days,stop_days,drawdown,daily_j,weekly_j
NVDA,attention,2021-10-11,2021-10-12,20.8275,win,2021-10-22,22.726,9.11535229864362,8,11.055095426719475,-1.4380026407394109,8,,-10.189645445471507,78.94401810551045,54.54935652013501
NVDA,attention,2021-12-03,2021-12-06,29.88,loss,2022-01-10,27.4,-8.299866131191436,24,8.597724230254356,-14.177376171352075,,24,-11.412243484284346,6.051995137166145,78.73890426359222
NVDA,attention,2022-01-11,2022-01-12,28.0665,loss,2022-01-19,25.067,-10.687118094525506,4,1.88302780895373,-10.740562592414449,,4,-19.713106473864972,30.001037134877052,-5.209165255689314
NVDA,attention,2022-01-20,2022-01-21,23.507,loss,2022-01-24,23.372,-0.5742970179095641,1,5.5983324116220645,-11.141362147445443,,1,-30.296995410858084,-7.860060299782425,-16.472996499564204
NVDA,attention,2022-01-25,2022-01-26,23.24,win,2022-02-02,25.242,8.614457831325307,5,11.088640275387274,-8.364888123924263,5,,-35.56729298351949,18.252060977689,-8.176343338864612
NVDA,attention,2022-02-03,2022-02-04,23.972,win,2022-02-09,26.705,11.400800934423483,3,11.484231603537465,-1.4183213749374257,3,,-30.880018472017777,88.74018007076421,9.111218040211938
NVDA,attention,2022-02-10,2022-02-11,25.916,loss,2022-02-18,23.642,-8.774502237999693,5,2.5698410248495174,-10.865874363327666,,5,-25.465408260455447,90.06678875522641,18.797329085128595
NVDA,attention,2022-02-22,2022-02-23,23.802,loss,2022-02-24,23.748,-0.22687169145448882,1,1.4830686496933199,-12.234266028064866,,1,-29.99521130132886,-0.07966552742898614,27.724262240930734
NVDA,attention,2022-02-25,2022-02-28,23.992,loss,2022-03-07,21.352,-11.00366788929643,5,2.8051017005668477,-11.095365121707246,,5,-27.433139176852617,45.671301812462744,27.724262240930734
NVDA,attention,2022-03-08,2022-03-09,22.387,win,2022-03-17,24.766,10.626702997275196,6,10.966185732791335,-5.485326305445126,6,,-31.330992658793487,16.977578710866354,18.026943440912675
NVDA,attention,2022-03-18,2022-03-21,26.507,loss,2022-04-07,24.208,-8.673180669257185,13,9.201343041460742,-11.427170181461499,,13,-15.566549632939674,115.23925802760309,73.77855206971287
NVDA,attention,2022-04-08,2022-04-11,22.214,loss,2022-04-22,19.515,-12.149995498334377,8,2.5344377419645348,-12.217520482578548,,8,-20.130587991432325,-16.625189897159288,58.301796887099414
NVDA,attention,2022-04-25,2022-04-26,19.718,loss,2022-05-09,16.95,-14.037934881833857,9,3.458768637792864,-14.661730398620543,,9,-31.24438609825192,14.022089390871383,-11.317143113174403
NVDA,attention,2022-05-10,2022-05-11,17.347,loss,2022-05-12,16.175,-6.756211448665484,1,2.340462327780002,-10.261140254799106,,1,-39.21439922614525,15.616056852429807,-0.7865573063509146
NVDA,attention,2022-05-13,2022-05-16,17.509,loss,2022-05-20,16.694,-4.654748986235657,4,4.923182363355982,-10.017705180193037,,4,-38.8309265528916,29.82455595811789,-0.7865573063509146
NVDA,attention,2022-05-23,2022-05-24,16.51,win,2022-05-27,18.811,13.937007874015727,3,14.360993337371287,-4.421562689279234,3,,-41.622331237476686,52.21210203113954,12.977707845485114
NVDA,attention,2022-05-31,2022-06-01,18.724,loss,2022-06-13,15.647,-16.433454390087586,8,4.779961546678058,-16.65242469557787,,8,-35.493677882954465,102.53735197830228,21.79537381095158
NVDA,attention,2022-06-14,2022-06-15,16.095,loss,2022-07-01,14.523,-9.76700838769804,11,7.673190431811117,-10.580925753339542,,11,-45.29123194914669,-16.632477473846855,11.071851518050508
NVDA,attention,2022-07-05,2022-07-06,15.01,win,2022-07-18,16.101,7.268487674883417,8,12.57161892071952,-3.6309127248500994,8,,-39.4709165925087,10.964690475505662,25.013642236752204
NVDA,attention,2022-07-19,2022-07-20,16.947,win,2022-08-01,18.441,8.815719596388739,8,11.20552310143388,-2.7674514663362126,8,,-17.055550131797325,100.73243107926388,55.636465177191226
NVDA,attention,2022-08-09,2022-08-10,17.698,loss,2022-08-29,15.801,-10.71872527969262,13,8.283421855576911,-10.910837382755123,,13,-12.910953667363279,13.683226435784377,110.2074306684385
NVDA,attention,2022-08-30,2022-08-31,15.384,loss,2022-09-01,13.937,-9.405876235049405,1,1.0140405616224646,-13.740249609984401,,1,-20.00827429280654,-7.361150305236947,21.282947015743318
NVDA,attention,2022-09-02,2022-09-06,13.731,loss,2022-09-23,12.516,-8.848590779986887,13,5.942757264583798,-10.734833588231007,,13,-29.194770156687767,2.316749054817759,21.282947015743318
NVDA,attention,2022-09-26,2022-09-27,12.507,loss,2022-10-13,11.96,-4.373550811545524,12,9.186855360997859,-13.544415127528575,,12,-36.55701981944589,0.8677976045408968,-13.433756885107357
NVDA,attention,2022-10-14,2022-10-17,11.518,win,2022-10-20,12.194,5.869074492099324,3,10.861260635526993,-0.008682062858145212,3,,-41.75054477534502,13.856135074404143,-9.410832411031503
NVDA,attention,2022-10-21,2022-10-24,12.508,win,2022-10-27,13.176,5.340582027502405,3,10.633194755356579,-3.549728173968658,3,,-35.32219570405729,93.95620320402378,8.181081830606406
NVDA,attention,2022-10-28,2022-10-31,13.778,win,2022-11-10,15.75,14.312672376252,8,14.479605167658583,-5.966032805922494,8,,-28.056207063326553,101.00583159569743,42.171450287691094
NVDA,attention,2022-11-11,2022-11-14,16.218,win,2022-12-13,18.072,11.431742508324083,20,15.858922185226287,-7.016894808237762,20,,-11.841252699784011,96.4423357620073,112.8489552793753
NVDA,attention,2022-12-16,2022-12-19,16.572,loss,2022-12-22,15.339,-7.440260680666178,3,0.33188510741009036,-10.197924209510012,,3,-11.809473124002112,27.709885356843728,89.49831550830478
NVDA,attention,2022-12-23,2022-12-27,15.074,win,2023-01-12,16.511,9.532970677988594,11,10.368847021361294,-7.894387687408777,11,,-19.07397551889303,-4.939460620538725,60.64724132367718
NVDA,attention,2023-01-13,2023-01-17,16.899,win,2023-01-23,19.193,13.57476773773596,4,13.882478253151076,-0.994141665187287,4,,-10.063863757317716,119.98229780340438,37.425268683624125
NVDA,attention,2023-02-21,2023-02-22,20.707,win,2023-02-23,23.664,14.280195103105232,1,15.361954894480135,-1.381175447916172,1,,-10.38579014959563,-4.250250897560903,98.45900371395095
NVDA,attention,2023-06-07,2023-06-08,37.724,win,2023-06-14,42.997,13.977839041459017,4,13.985791538543113,-0.5805322871381469,4,,-10.64189994754161,26.72506631368273,80.5716572332748
NVDA,attention,2023-08-09,2023-08-10,42.16,win,2023-08-21,46.967,11.40180265654649,7,11.634250474383311,-4.3856736242884224,7,,-11.508068541008154,9.504079424776876,29.82601812576405
NVDA,attention,2023-09-11,2023-09-12,44.738,loss,2023-10-26,40.326,-9.861862398855559,32,6.417363315302427,-10.858330725557686,,32,-10.122150161142718,-1.893140702197357,37.82918031422358
NVDA,attention,2023-10-27,2023-10-30,41.087,win,2023-11-03,45.005,9.535862925012783,4,10.275756321950968,-4.519677756954765,4,,-19.428639637130463,3.6400048910947334,-0.47887375385444386
NVDA,attention,2024-03-08,2024-03-11,86.429,win,2024-03-25,95.002,9.919124367978327,10,11.960105982945546,-2.6183341239630287,10,,-10.135523613963038,67.50993994955627,85.6990366751709
NVDA,attention,2024-04-04,2024-04-05,86.866,loss,2024-04-19,76.2,-12.278682108074502,10,4.458591393640776,-12.962493956208421,,10,-11.801848049281316,-10.70196344885494,70.05247883808545
NVDA,attention,2024-04-22,2024-04-23,80.769,win,2024-05-03,88.789,9.929552179672886,8,10.538696777228896,-3.1521994824747157,8,,-18.359342915811094,11.515293175913229,38.73752333773422
NVDA,attention,2024-06-21,2024-06-24,123.24,win,2024-07-11,127.4,3.3755274261603407,12,10.475494969165865,-4.219409282700415,12,,-10.080988917306055,41.169190356174425,90.56823351290694
NVDA,attention,2024-07-16,2024-07-17,121.35,loss,2024-07-25,112.28,-7.474248042851251,6,2.752369180057679,-12.402142562834772,,6,-10.23017902813299,34.96135898549113,55.28837417429722
NVDA,attention,2024-07-26,2024-07-29,113.69,loss,2024-08-02,107.27,-5.646934646846691,4,5.690913888644555,-10.836485178995503,,4,-19.678886047172483,21.724324388466883,21.40121547677373
NVDA,attention,2024-08-05,2024-08-06,103.84,win,2024-08-13,116.14,11.84514637904468,5,11.931818181818187,-6.086286594761181,5,,-28.637396987780615,33.71284164688413,5.722284256404237
NVDA,attention,2024-08-14,2024-08-15,118.76,win,2024-08-22,123.74,4.193331087908381,5,10.095991916470194,-1.086224317952178,5,,-16.11253196930946,107.98139785212213,40.426992000245306
NVDA,attention,2024-08-26,2024-08-27,125.05,loss,2024-09-03,108.0,-13.634546181527385,4,3.3186725309875875,-14.20231907237105,,4,-10.159136118215406,77.34440137736283,70.9290482297384
NVDA,attention,2024-09-04,2024-09-05,104.985,win,2024-09-11,116.91,11.35876553793398,4,11.625470305281716,-3.843406200885835,4,,-24.545325376527426,-16.645376920344283,41.09961394862468
NVDA,attention,2024-09-12,2024-09-13,119.08,win,2024-10-08,132.89,11.5972455492106,17,12.092710782667115,-4.921061471279808,17,,-15.359477124182996,88.54032541523267,59.763831171258516
NVDA,attention,2024-11-25,2024-11-26,137.7,win,2025-01-06,149.43,8.518518518518526,26,10.498184458968796,-7.872185911401585,26,,-11.034076787232639,2.045656785026466,62.67543513518169
NVDA,attention,2025-01-10,2025-01-13,129.99,win,2025-01-22,147.07,13.139472267097464,6,13.693361027771346,-0.3692591737826101,6,,-11.245347090707247,6.237251157882056,34.88614466935044
NVDA,attention,2025-01-27,2025-01-28,121.81,win,2025-02-10,133.57,9.654379771775702,9,10.828339216813077,-7.224365815614475,9,,-22.66701495461373,36.60979450736578,19.462479933968453
NVDA,attention,2025-02-11,2025-02-12,130.02,win,2025-02-18,139.4,7.214274726965075,3,10.32148900169203,-0.7229656975849874,3,,-13.276301182002214,113.49252459602809,52.62912447963828
NVDA,attention,2025-02-21,2025-02-24,136.56,loss,2025-02-27,120.15,-12.016695957820733,3,1.4865260691271143,-12.119214997070882,,3,-12.211846143799377,48.05290725616263,55.70938482840381
NVDA,attention,2025-02-28,2025-03-03,123.51,loss,2025-03-04,115.99,-6.088575823819942,1,0.15383369767629773,-10.849323941381272,,1,-18.42225559981715,6.791671187756577,38.384303576200224
NVDA,attention,2025-03-05,2025-03-06,113.53,loss,2025-04-03,101.8,-10.33207081828592,20,8.244516867788242,-10.508235708623282,,20,-23.398419643440217,11.9402359110776,15.384477097542486
NVDA,attention,2025-04-04,2025-04-07,87.46,win,2025-04-07,97.64,11.639606677338211,0,16.338897781843144,-0.9604390578550115,0,,-36.69195139961066,-1.0710548702006548,-0.299844804056697
NVDA,attention,2025-04-08,2025-04-09,98.89,win,2025-04-09,114.33,15.613307715643643,0,16.391950652239863,-1.3751643239963585,0,,-35.35611196885279,29.297871453488014,24.759428086245755
NVDA,attention,2025-04-10,2025-04-11,108.5,loss,2025-04-21,96.91,-10.682027649769587,5,5.336405529953914,-12.40552995391705,,5,-27.790830368530585,90.47515375165443,24.759428086245755
NVDA,attention,2025-04-22,2025-04-23,104.52,win,2025-05-02,114.5,9.54841178721777,7,10.409491006505945,-2.391886720244929,7,,-31.05828220858896,8.734245984331181,41.35438396816362
NVDA,attention,2025-05-05,2025-05-06,111.48,win,2025-05-12,123.0,10.333692142088257,4,10.333692142088257,-0.5902404018658047,4,,-20.649749023982157,99.7067833711819,90.86553090961974
NVDA,attention,2025-11-06,2025-11-07,184.9,timeout,2026-02-05,171.88,-7.041644131963231,60,8.13412655489454,-8.30178474851271,,,-11.36241640153466,9.023866959660197,55.09707076292361
NVDA,attention,2026-02-27,2026-03-02,175.01,win,2026-04-14,196.51,12.285012285012286,30,12.285012285012286,-6.136792183303797,30,,-10.342513961703158,8.262386215271462,40.55495298481553
NVDA,attention,2026-05-27,2026-05-28,211.275,loss,2026-06-29,194.97,-7.717429889953853,21,9.942018696012301,-10.164477576618147,,21,-10.120909782700604,-7.154191219828661,73.57281639082078
NVDA,attention,2026-06-30,2026-07-01,196.2,win,2026-08-05,219.22,11.732925586136611,24,13.261977573904193,-3.1549439347604458,24,,-15.409655872156925,29.73186025731632,-7.112072586243713
NVDA,attention,2026-08-24,2026-08-25,211.025,win,2026-09-04,230.36,9.162421514038632,8,11.247482525767083,-0.8506101172846892,8,,-10.246254520406406,-19.4043125944051,82.70875627785236
NVDA,attention,2026-09-14,2026-09-15,213.375,win,2026-10-02,233.95,9.642647920328052,13,11.484475688342123,-1.038078500292916,13,,-10.13801329016868,-4.365650721992623,77.57967562619137
NVDA,yellow,2022-01-07,2022-01-10,26.581,loss,2022-01-21,23.374,-12.065008840901402,8,7.576840600428869,-12.482600353636053,,8,-21.358270557335413,-5.456431348470147,1.5141122277073578
NVDA,yellow,2022-02-22,2022-02-23,23.802,loss,2022-02-24,23.748,-0.22687169145448882,1,1.4830686496933199,-12.234266028064866,,1,-29.99521130132886,-0.07966552742898614,27.724262240930734
NVDA,yellow,2022-04-06,2022-04-07,24.441,loss,2022-04-11,21.917,-10.32690970091239,2,1.149707458778293,-11.3784215048484,,2,-15.68092309818283,-11.224380566891114,58.301796887099414
NVDA,yellow,2022-04-12,2022-04-13,21.728,loss,2022-04-22,19.515,-10.185014727540509,6,4.8278718703976375,-10.25405007363771,,6,-25.70994265183445,-13.171464279892952,20.858955167016035
NVDA,yellow,2022-06-10,2022-06-13,16.0,loss,2022-07-01,14.523,-9.231250000000003,13,8.31249999999999,-10.050000000000004,,13,-41.359773371104815,-8.018299441292797,20.940807761374202
NVDA,yellow,2022-08-23,2022-08-24,17.012,loss,2022-08-30,15.468,-9.075946390782974,4,5.496120385610159,-10.757112626381382,,4,-12.426729191090269,-4.254546861222536,66.09601776498306
NVDA,yellow,2022-08-31,2022-09-01,14.209,loss,2022-09-16,13.198,-7.115208670560902,10,2.3787740164684434,-11.204166373425284,,10,-21.68724706858982,-7.657918605577962,21.282947015743318
NVDA,yellow,2022-10-12,2022-10-13,10.971,win,2022-10-13,11.96,9.014675052410915,0,10.090237899917964,-1.4401604229331788,0,,-40.334128878281625,-0.1529924683167181,-9.410832411031503
NVDA,yellow,2022-12-20,2022-12-21,16.114,loss,2022-12-27,14.121,-12.368127094452031,3,3.183567084522765,-12.771503040834064,,3,-14.395955295369866,-4.914981641452755,60.64724132367718
NVDA,yellow,2022-12-28,2022-12-29,14.402,win,2023-01-09,15.628,8.512706568532158,6,11.484516039438986,-2.5552006665740756,6,,-25.30069185737094,-8.49339697634164,32.04727097247971
NVDA,yellow,2023-02-21,2023-02-22,20.707,win,2023-02-23,23.664,14.280195103105232,1,15.361954894480135,-1.381175447916172,1,,-10.38579014959563,-4.250250897560903,98.45900371395095
NVDA,yellow,2023-08-11,2023-08-14,40.486,win,2023-08-15,43.94,8.531344168354504,1,11.811490391740364,-0.4322481845576154,1,,-15.04117451339212,-6.426744501370763,29.82601812576405
NVDA,yellow,2023-09-11,2023-09-12,44.738,loss,2023-10-26,40.326,-9.861862398855559,32,6.417363315302427,-10.858330725557686,,32,-10.122150161142718,-1.893140702197357,37.82918031422358
NVDA,yellow,2024-04-04,2024-04-05,86.866,loss,2024-04-19,76.2,-12.278682108074502,10,4.458591393640776,-12.962493956208421,,10,-11.801848049281316,-10.70196344885494,70.05247883808545
NVDA,yellow,2024-06-24,2024-06-25,121.2,win,2024-07-09,131.38,8.3993399339934,9,10.412541254125408,-1.9554455445544572,9,,-16.091219096334186,-1.985772059706477,77.78844203731535
NVDA,yellow,2024-07-19,2024-07-22,120.35,loss,2024-07-25,112.28,-6.705442459493138,3,3.606148732862491,-11.674283340257585,,3,-16.219096334185835,-5.244061681292493,55.28837417429722
NVDA,yellow,2024-08-30,2024-09-03,116.01,loss,2024-09-04,106.21,-8.447547625204733,1,0.17239893112661608,-10.24911645547798,,1,-15.19607843137254,-2.6930701823028897,70.9290482297384
NVDA,yellow,2024-09-05,2024-09-06,108.04,win,2024-09-12,119.14,10.273972602739722,4,11.801184746390225,-6.562384302110336,4,,-23.834896277351525,-11.186682937719489,41.09961394862468
NVDA,yellow,2024-11-26,2024-11-27,135.01,win,2025-01-06,149.43,10.68069031923562,25,12.699800014813722,-6.0365898822309365,25,,-10.44541827457649,-8.51125848062857,62.67543513518169
NVDA,yellow,2025-01-13,2025-01-14,136.05,loss,2025-01-27,118.42,-12.95847115031239,8,9.496508636530688,-14.22271223814775,,8,-12.995494024684916,-0.9965609768886452,34.929719508595284
NVDA,yellow,2025-02-03,2025-02-04,116.96,win,2025-02-06,128.68,10.020519835841334,2,10.097469220246257,-0.22229822161421442,2,,-23.81636517991249,-0.009743668249605264,29.363291473311435
NVDA,yellow,2025-02-25,2025-02-26,129.985,loss,2025-02-28,124.92,-3.896603454244729,2,3.86583067276991,-10.45120590837405,,2,-17.30555736955528,-6.8049671287572835,38.384303576200224
NVDA,yellow,2025-03-03,2025-03-04,110.645,win,2025-03-14,121.67,9.96430023950472,8,10.154096434542904,-5.309774504044462,8,,-25.514268921831118,-2.5481069251474935,15.384477097542486
NVDA,yellow,2025-03-28,2025-03-31,105.13,loss,2025-04-04,94.31,-10.292019404546748,4,6.515742414153913,-12.384666603253114,,4,-28.381114086070657,-11.775558283144576,11.835167581463509
NVDA,yellow,2025-12-17,2025-12-18,174.53,win,2025-12-26,190.53,9.16747837048073,5,10.405087950495616,-1.5527416490001777,5,,-19.440086450863113,-8.180868569398783,10.6665519980384
NVDA,yellow,2026-01-09,2026-01-12,183.22,loss,2026-03-30,165.17,-9.851544591201844,53,7.864807335443724,-10.342757340901642,,53,-12.87992501056835,-2.672889078928094,50.89005374669094
NVDA,yellow,2026-05-27,2026-05-28,211.275,loss,2026-06-29,194.97,-7.717429889953853,21,9.942018696012301,-10.164477576618147,,21,-10.120909782700604,-7.154191219828661,73.57281639082078
NVDA,yellow,2026-07-29,2026-07-30,193.45,win,2026-08-04,211.94,9.55802532954253,3,10.136986301369877,-0.997673817523892,3,,-19.671091570136134,-12.448589731304224,25.530533045744136
NVDA,yellow,2026-08-24,2026-08-25,211.025,win,2026-09-04,230.36,9.162421514038632,8,11.247482525767083,-0.8506101172846892,8,,-10.246254520406406,-19.4043125944051,82.70875627785236
NVDA,yellow,2026-09-14,2026-09-15,213.375,win,2026-10-02,233.95,9.642647920328052,13,11.484475688342123,-1.038078500292916,13,,-10.13801329016868,-4.365650721992623,77.57967562619137
NVDA,green,2022-01-19,2022-01-20,25.304,loss,2022-01-24,23.372,-7.635156496996521,2,1.0867846980714635,-17.45178627884918,,2,-27.650301613415294,-3.79193256068676,-16.472996499564204
NVDA,green,2022-10-12,2022-10-13,10.971,win,2022-10-13,11.96,9.014675052410915,0,10.090237899917964,-1.4401604229331788,0,,-40.334128878281625,-0.1529924683167181,-9.410832411031503
NVDA,green,2025-04-04,2025-04-07,87.46,win,2025-04-07,97.64,11.639606677338211,0,16.338897781843144,-0.9604390578550115,0,,-36.69195139961066,-1.0710548702006548,-0.299844804056697
NVDA,green,2026-03-27,2026-03-30,168.78,win,2026-04-10,188.63,11.760872141248967,8,12.572579689536667,-2.6721175494726856,8,,-15.235498272275594,-3.1425782773080186,-10.11908847099533
NVDA,green,2026-06-26,2026-06-29,193.85,win,2026-07-15,212.5,9.620840856332213,11,10.296621098787728,-2.089244261026557,11,,-18.605732645641325,-0.30523560409541517,-0.23709447780973392
GOOGL,attention,2022-04-22,2022-04-25,119.101,loss,2022-05-20,108.908,-8.558282466142176,19,3.50668760127959,-11.170854988623091,,19,-21.056955418333377,2.77829184023485,2.357452488404604
GOOGL,attention,2022-05-23,2022-05-24,105.772,win,2022-06-01,113.892,7.676889914154961,5,10.711341375789441,-3.675169231932851,5,,-26.433189527181746,37.93840702663875,15.272286008000506
GOOGL,attention,2022-06-02,2022-06-03,116.0625,loss,2022-07-26,105.02,-9.514270328486807,35,3.1211631663974115,-10.332794830371572,,35,-22.385259715493454,110.63282332794299,26.056246166404534
GOOGL,attention,2022-07-27,2022-07-28,112.37,loss,2022-09-16,102.8,-8.51650796475928,35,8.95256741123076,-10.171754026875501,,35,-25.395884830144656,52.26225026223385,75.23831650596162
GOOGL,attention,2022-09-19,2022-09-20,102.08,loss,2022-10-27,92.22,-9.659090909090907,27,2.684169278996862,-10.07053291536051,,27,-31.987916588032995,10.819080174675499,-8.866938052342903
GOOGL,attention,2022-10-28,2022-10-31,95.42,loss,2022-11-03,83.43,-12.56549989520016,3,0.6392789771536345,-12.659819744288402,,3,-36.46178799128453,12.105940779998733,18.95508438034993
GOOGL,attention,2022-11-04,2022-11-07,87.28,win,2022-11-11,96.41,10.460586617781843,4,11.056370302474793,-0.4926672777268659,4,,-42.869058098301124,-2.820316703051084,12.81689951072466
GOOGL,attention,2022-11-14,2022-11-15,98.26,loss,2022-12-19,88.44,-9.993893751272143,23,4.060655404030111,-10.227966619173634,,23,-36.851107184192855,113.03426828341938,63.80890492629905
GOOGL,attention,2022-12-20,2022-12-21,89.08,win,2023-01-20,98.02,10.035922766052984,19,10.350246969016608,-4.737314773237533,19,,-41.25899228356163,2.5627718570979496,31.97924491108607
GOOGL,attention,2023-01-23,2023-01-24,98.1,win,2023-02-07,107.64,9.724770642201852,10,10.275229357798189,-4.4240570846075356,10,,-34.15226735538772,106.87803227415185,85.55166046412776
GOOGL,attention,2023-02-08,2023-02-09,100.0,loss,2023-02-23,90.89,-9.109999999999996,9,0.029999999999996696,-10.239999999999993,,9,-30.893955568228048,40.43015682423817,67.40177771097107
GOOGL,attention,2023-02-24,2023-02-27,89.87,win,2023-03-16,100.32,11.627906976744162,13,12.595971959497042,-0.6119951040391758,13,,-38.01527885474656,2.67198489662308,24.035960263538826
GOOGL,attention,2023-03-17,2023-03-20,100.12,win,2023-05-09,107.35,7.221334398721524,35,10.017978425888941,-0.3795445465441527,35,,-29.32921168203013,103.55918219773855,47.777452554446256
GOOGL,attention,2024-09-06,2024-09-09,152.51,win,2024-10-01,166.99,9.494459379712827,16,10.917316897252638,-3.4719034817388916,16,,-21.29335071707954,-10.666079421367968,-3.5850746965986886
GOOGL,attention,2025-03-11,2025-03-12,166.58,loss,2025-04-04,145.6,-12.594549165566104,17,2.4312642574138454,-12.726617841277477,,17,-20.77276020284956,27.545081121290643,-7.88037271329987
GOOGL,attention,2025-04-07,2025-04-08,151.22,win,2025-05-14,165.37,9.357227879910068,25,10.435127628620556,-5.415950271128156,25,,-29.123400144892543,3.6373657099584165,16.370475815373297
GOOGL,attention,2025-05-15,2025-05-16,167.725,win,2025-07-18,185.06,10.335370397972877,42,11.146221493516162,-3.413325383812782,42,,-20.811398212992028,91.75241864665878,87.2622134473299
GOOGL,attention,2026-03-27,2026-03-30,276.42,win,2026-04-07,305.46,10.50575211634468,5,10.567252731350841,-1.5592214745676847,5,,-21.392550143266487,-14.867930836264328,-11.94356844344847
GOOGL,attention,2026-07-23,2026-07-24,318.42,win,2026-07-31,356.13,11.842849067269645,5,12.612273098423454,-0.3454556874568304,5,,-22.251046229901373,-8.174107813104087,-2.647764513208628
GOOGL,yellow,2024-09-06,2024-09-09,152.51,win,2024-10-01,166.99,9.494459379712827,16,10.917316897252638,-3.4719034817388916,16,,-21.29335071707954,-10.666079421367968,-3.5850746965986886
GOOGL,yellow,2025-04-04,2025-04-07,141.55,win,2025-04-09,158.71,12.122924761568354,2,12.71635464500176,-0.7205934298834427,2,,-29.67882154069066,-9.29852635237799,-10.654486568837811
GOOGL,yellow,2025-06-23,2025-06-24,166.92,win,2025-07-14,181.56,8.770668583752705,13,10.034747184279901,-0.4732806134675194,13,,-20.217338807051444,-0.7748261385065689,91.20703144491122
GOOGL,yellow,2026-03-27,2026-03-30,276.42,win,2026-04-07,305.46,10.50575211634468,5,10.567252731350841,-1.5592214745676847,5,,-21.392550143266487,-14.867930836264328,-11.94356844344847
GOOGL,yellow,2026-07-23,2026-07-24,318.42,win,2026-07-31,356.13,11.842849067269645,5,12.612273098423454,-0.3454556874568304,5,,-22.251046229901373,-8.174107813104087,-2.647764513208628
GOOGL,green,2024-09-06,2024-09-09,152.51,win,2024-10-01,166.99,9.494459379712827,16,10.917316897252638,-3.4719034817388916,16,,-21.29335071707954,-10.666079421367968,-3.5850746965986886
GOOGL,green,2025-04-04,2025-04-07,141.55,win,2025-04-09,158.71,12.122924761568354,2,12.71635464500176,-0.7205934298834427,2,,-29.67882154069066,-9.29852635237799,-10.654486568837811
GOOGL,green,2026-03-27,2026-03-30,276.42,win,2026-04-07,305.46,10.50575211634468,5,10.567252731350841,-1.5592214745676847,5,,-21.392550143266487,-14.867930836264328,-11.94356844344847
GOOGL,green,2026-07-23,2026-07-24,318.42,win,2026-07-31,356.13,11.842849067269645,5,12.612273098423454,-0.3454556874568304,5,,-22.251046229901373,-8.174107813104087,-2.647764513208628
